title,genre,director,cast,overview
Movie 1,Action,Christopher Nolan,Leonardo DiCaprio; Brad Pitt,An epic story of love and betrayal.
Movie 2,Comedy,Steven Spielberg,Tom Hanks; Scarlett Johansson,A comedic series of unfortunate events.
Movie 3,Drama,Quentin Tarantino,Brad Pitt; Morgan Freeman,A drama exploring human emotions and relationships.
Movie 4,Romance,Martin Scorsese,Angelina Jolie; Johnny Depp,A story about friendship and overcoming challenges.
Movie 5,Sci-Fi,James Cameron,Chris Hemsworth; Anne Hathaway; Christian Bale,An intense journey through time and space.
Movie 6,Horror,Ridley Scott,Natalie Portman; Leonardo DiCaprio; Tom Hanks,A suspenseful story that keeps you on the edge of your seat.
Movie 7,Thriller,Peter Jackson,Robert Downey Jr.; Brad Pitt; Scarlett Johansson,A gripping tale of crime and redemption.
Movie 8,Crime,David Fincher,Leonardo DiCaprio; Angelina Jolie,A fight against evil forces to save humanity.
Movie 9,Fantasy,Tim Burton,Tom Hanks; Christian Bale; Natalie Portman,A fantastical world filled with magic and danger.
Movie 10,Adventure,Alfred Hitchcock,Johnny Depp; Morgan Freeman; Chris Hemsworth,A thrilling adventure that tests the limits of courage.
Movie 11,Action,Christopher Nolan,Leonardo DiCaprio; Anne Hathaway,An epic story of love and betrayal.
Movie 12,Comedy,Steven Spielberg,Brad Pitt; Angelina Jolie,A comedic series of unfortunate events.
Movie 13,Drama,Quentin Tarantino,Tom Hanks; Scarlett Johansson,A drama exploring human emotions and relationships.
Movie 14,Romance,Martin Scorsese,Chris Hemsworth; Robert Downey Jr.,A story about friendship and overcoming challenges.
Movie 15,Sci-Fi,James Cameron,Leonardo DiCaprio; Johnny Depp; Natalie Portman,An intense journey through time and space.
Movie 16,Horror,Ridley Scott,Brad Pitt; Christian Bale,A suspenseful story that keeps you on the edge of your seat.
Movie 17,Thriller,Peter Jackson,Scarlett Johansson; Tom Hanks,A gripping tale of crime and redemption.
Movie 18,Crime,David Fincher,Chris Hemsworth; Angelina Jolie,A fight against evil forces to save humanity.
Movie 19,Fantasy,Tim Burton,Leonardo DiCaprio; Robert Downey Jr.; Natalie Portman,A fantastical world filled with magic and danger.
Movie 20,Adventure,Alfred Hitchcock,Tom Hanks; Brad Pitt; Chris Hemsworth,A thrilling adventure that tests the limits of courage.
Movie 21,Action,Christopher Nolan,Leonardo DiCaprio; Morgan Freeman,An epic story of love and betrayal.
Movie 22,Comedy,Steven Spielberg,Scarlett Johansson; Angelina Jolie,A comedic series of unfortunate events.
Movie 23,Drama,Quentin Tarantino,Tom Hanks; Chris Hemsworth,A drama exploring human emotions and relationships.
Movie 24,Romance,Martin Scorsese,Robert Downey Jr.; Natalie Portman,A story about friendship and overcoming challenges.
Movie 25,Sci-Fi,James Cameron,Brad Pitt; Johnny Depp; Leonardo DiCaprio,An intense journey through time and space.
Movie 26,Horror,Ridley Scott,Christian Bale; Scarlett Johansson,A suspenseful story that keeps you on the edge of your seat.
Movie 27,Thriller,Peter Jackson,Chris Hemsworth; Tom Hanks,A gripping tale of crime and redemption.
Movie 28,Crime,David Fincher,Angelina Jolie; Robert Downey Jr.,A fight against evil forces to save humanity.
Movie 29,Fantasy,Tim Burton,Natalie Portman; Leonardo DiCaprio; Brad Pitt,A fantastical world filled with magic and danger.
Movie 30,Adventure,Alfred Hitchcock,Johnny Depp; Christian Bale; Scarlett Johansson,A thrilling adventure that tests the limits of courage.
Movie 31,Action,Christopher Nolan,Leonardo DiCaprio; Angelina Jolie,An epic story of love and betrayal.
Movie 32,Comedy,Steven Spielberg,Brad Pitt; Tom Hanks,A comedic series of unfortunate events.
Movie 33,Drama,Quentin Tarantino,Scarlett Johansson; Chris Hemsworth,A drama exploring human emotions and relationships.
Movie 34,Romance,Martin Scorsese,Robert Downey Jr.; Natalie Portman,A story about friendship and overcoming challenges.
Movie 35,Sci-Fi,James Cameron,Leonardo DiCaprio; Johnny Depp; Brad Pitt,An intense journey through time and space.
Movie 36,Horror,Ridley Scott,Christian Bale; Angelina Jolie,A suspenseful story that keeps you on the edge of your seat.
Movie 37,Thriller,Peter Jackson,Chris Hemsworth; Tom Hanks,A gripping tale of crime and redemption.
Movie 38,Crime,David Fincher,Scarlett Johansson; Robert Downey Jr.,A fight against evil forces to save humanity.
Movie 39,Fantasy,Tim Burton,Natalie Portman; Leonardo DiCaprio; Chris Hemsworth,A fantastical world filled with magic and danger.
Movie 40,Adventure,Alfred Hitchcock,Johnny Depp; Brad Pitt; Angelina Jolie,A thrilling adventure that tests the limits of courage.
Movie 41,Action,Christopher Nolan,Leonardo DiCaprio; Tom Hanks,An epic story of love and betrayal.
Movie 42,Comedy,Steven Spielberg,Brad Pitt; Chris Hemsworth,A comedic series of unfortunate events.
Movie 43,Drama,Quentin Tarantino,Scarlett Johansson; Robert Downey Jr.,A drama exploring human emotions and relationships.
Movie 44,Romance,Martin Scorsese,Natalie Portman; Leonardo DiCaprio,A story about friendship and overcoming challenges.
Movie 45,Sci-Fi,James Cameron,Johnny Depp; Brad Pitt; Angelina Jolie,An intense journey through time and space.
Movie 46,Horror,Ridley Scott,Christian Bale; Chris Hemsworth,A suspenseful story that keeps you on the edge of your seat.
Movie 47,Thriller,Peter Jackson,Tom Hanks; Scarlett Johansson,A gripping tale of crime and redemption.
Movie 48,Crime,David Fincher,Robert Downey Jr.; Natalie Portman,A fight against evil forces to save humanity.
Movie 49,Fantasy,Tim Burton,Leonardo DiCaprio; Brad Pitt; Angelina Jolie,A fantastical world filled with magic and danger.
Movie 50,Adventure,Alfred Hitchcock,Johnny Depp; Chris Hemsworth; Tom Hanks,A thrilling adventure that tests the limits of courage.